{"taskDescription":"<p>Drag the CC License types to the correct discription. </p>\n","overallFeedback":[{"from":0,"to":100}],"checkAnswer":"Check","tryAgain":"Retry","showSolution":"Show solution","dropZoneIndex":"Drop Zone @index.","empty":"Drop Zone @index is empty.","contains":"Drop Zone @index contains draggable @draggable.","ariaDraggableIndex":"@index of @count draggables.","tipLabel":"Show tip","correctText":"Correct!","incorrectText":"Incorrect!","resetDropTitle":"Reset drop","resetDropDescription":"Are you sure you want to reset this drop zone?","grabbed":"Draggable is grabbed.","cancelledDragging":"Cancelled dragging.","correctAnswer":"Correct answer:","feedbackHeader":"Feedback","behaviour":{"enableRetry":true,"enableSolutionsButton":true,"enableCheckButton":true,"instantFeedback":false},"scoreBarLabel":"You got :num out of :total points","a11yCheck":"Check the answers. The responses will be marked as correct, incorrect, or unanswered.","a11yShowSolution":"Show the solution. The task will be marked with its correct solution.","a11yRetry":"Retry the task. Reset all responses and start the task over again.","textField":"The *&quot;BY NC ND&quot;* license allows you to Retain; prohibits you to Revise or Remix; may or may not prevent you from Reuse or Redistribute.\n\nThe *&quot;BY NC&quot;* license allows you to Retain, Revise, or Remix; may or may not prevent you from Reuse or Redistribute.\n\nThe *&quot;BY ND&quot;* license allows you to Retain, Reuse, Redistribute; prohibits you from Revise or Remix.\n\nThe *&quot;BY SA&quot;* license allows you to Retain, Revise, Remix, Reuse, and/or  Redistribute under the same license.\n\nThe *&quot;BY NC SA&quot;* license allows you to Retain, Revise, and Remix; may or may not prevent you from Reuse or Redistribute.\n\nThe *&quot;BY&quot;* license allows you to Retain, Revise, Remix, Reuse, and/or Redistribute."}